ID;Age;Income;Education_Level;Employment_Status;Hours_Spent_on_Technology_Per_Day;Exercise_Hours_per_Week;Healthy_Eating_Score;Life_Satisfaction
1;55;119997;High School;Retired;4.7;5.8;3;Satisfied
2;61;44571;PhD;Unemployed;2.3;4;2;Satisfied
3;30;111130;PhD;Employed;7.4;9.7;5;Not Satisfied
4;26;83848;High School;Employed;4.1;1.5;1;Satisfied
5;27;31806;PhD;Retired;3.6;9;4;Neutral
6;29;53712;Bachelor;Retired;4.7;3.1;3;Not Satisfied
7;23;117438;Master;Unemployed;2.1;5.5;5;Satisfied
8;33;33719;High School;Self-Employed;2.4;6.8;4;Neutral
9;18;119036;High School;Employed;3;2.4;3;Neutral
10;34;45280;Master;Self-Employed;2;1.7;4;Neutral
11;19;22791;PhD;Self-Employed;4.7;5.1;4;Not Satisfied
12;30;113324;PhD;Employed;5.6;7.9;5;Satisfied
13;25;57521;Bachelor;Unemployed;0.6;6.9;4;Not Satisfied
14;63;114970;PhD;Employed;7.8;1.2;4;Neutral
15;24;61377;Bachelor;Unemployed;6;9;4;Not Satisfied
16;43;98346;PhD;Self-Employed;6.4;4.8;5;Neutral
17;68;34313;Master;Unemployed;6;9.5;2;Neutral
18;38;49643;Master;Retired;0.6;5.5;5;Satisfied
19;55;76197;Bachelor;Self-Employed;3.9;0.8;4;Not Satisfied
20;36;36209;Bachelor;Employed;3.6;2;1;Neutral
21;38;80037;PhD;Retired;5.4;8.5;2;Satisfied
22;29;85578;PhD;Self-Employed;3.6;7.1;5;Neutral
23;60;111734;Master;Retired;5.6;8.9;2;Neutral
24;46;79193;Master;Employed;5.5;3.3;3;Satisfied
25;47;53080;PhD;Unemployed;5.6;5.3;1;Neutral
26;32;109943;Bachelor;Retired;4.9;6.5;1;Satisfied
27;68;28186;Master;Unemployed;1.2;5.9;4;Neutral
28;22;20373;PhD;Retired;6.1;2.3;4;Not Satisfied
29;41;119025;PhD;Employed;6.2;4.3;4;Satisfied
30;41;69034;PhD;Retired;7.2;2.5;5;Satisfied
31;59;27880;PhD;Retired;1.9;8.5;3;Not Satisfied
32;67;58704;Master;Self-Employed;1.4;9.9;3;Not Satisfied
33;48;26645;Bachelor;Unemployed;3.1;0.7;5;Not Satisfied
34;50;35123;Bachelor;Retired;2.6;7.1;5;Satisfied
35;40;25516;PhD;Unemployed;6.5;3.3;4;Not Satisfied
36;31;93881;High School;Unemployed;4.9;6.3;1;Not Satisfied
37;59;110445;High School;Retired;6.1;2.6;3;Satisfied
38;27;96560;Bachelor;Self-Employed;3.4;6.5;3;Satisfied
39;25;58148;High School;Employed;0.8;3.7;3;Satisfied
40;40;89592;Master;Self-Employed;0.9;2.9;3;Neutral
41;19;94614;High School;Unemployed;3;9.1;3;Satisfied
42;18;90299;Master;Self-Employed;1.6;9.4;3;Satisfied
43;35;22994;High School;Employed;6.6;6.1;1;Neutral
44;26;62627;Bachelor;Retired;4.8;2.1;2;Not Satisfied
45;42;54490;Bachelor;Employed;5.5;9.4;4;Not Satisfied
46;31;80940;PhD;Self-Employed;3.9;7.5;2;Neutral
47;69;98978;High School;Unemployed;0.7;7.5;1;Satisfied
48;65;21888;PhD;Self-Employed;1.9;2.1;2;Neutral
49;60;117597;PhD;Retired;3.7;8.3;5;Not Satisfied
50;26;78767;Master;Unemployed;1.6;2.4;5;Neutral
51;48;65412;PhD;Retired;0.2;6.3;5;Not Satisfied
52;25;106522;PhD;Retired;5.8;7.1;3;Neutral
53;21;36202;Master;Retired;5.8;7.4;2;Neutral
54;24;86718;High School;Self-Employed;2.6;3.9;2;Not Satisfied
55;39;81371;Master;Self-Employed;6.7;7.6;4;Satisfied
56;67;28336;PhD;Self-Employed;3.4;9;1;Satisfied
57;21;54655;Master;Unemployed;6.9;5.9;3;Neutral
58;22;33920;High School;Employed;5.3;0.9;3;Neutral
59;42;111068;High School;Unemployed;4.6;1.3;5;Neutral
60;67;35787;Bachelor;Retired;1.6;1.1;1;Neutral
61;61;89356;PhD;Self-Employed;4.2;1.7;3;Neutral
62;30;96063;Bachelor;Unemployed;7.2;1.3;3;Not Satisfied
63;44;114819;Master;Employed;2.4;7.8;5;Neutral
64;34;112952;High School;Self-Employed;7;0.4;5;Satisfied
65;63;35893;PhD;Self-Employed;7.3;2.4;1;Satisfied
66;69;78259;Bachelor;Retired;2.6;8.8;2;Satisfied
67;59;60781;High School;Employed;5.5;9.7;1;Neutral
68;36;101441;Bachelor;Employed;7.2;6.1;3;Neutral
69;33;46628;Master;Self-Employed;0.6;9.8;3;Satisfied
70;18;22599;Bachelor;Retired;7;0.4;1;Not Satisfied
71;22;51811;High School;Retired;1.5;9.5;2;Satisfied
72;43;84674;PhD;Unemployed;6.8;3.1;2;Neutral
73;65;112322;PhD;Retired;5.3;8;2;Neutral
74;52;106058;Bachelor;Employed;2.8;8.1;3;Not Satisfied
75;41;105838;Bachelor;Self-Employed;1.2;8.6;4;Satisfied
76;25;63730;Bachelor;Employed;5.1;4.6;4;Not Satisfied
77;44;101766;PhD;Retired;6.8;9.3;3;Satisfied
78;43;88646;Master;Employed;6.6;2.6;1;Neutral
79;58;48336;Master;Self-Employed;5;9.3;1;Neutral
80;40;42225;Bachelor;Self-Employed;7.7;6.2;2;Satisfied
81;27;68638;Bachelor;Employed;4.7;9.9;3;Satisfied
82;21;105222;Bachelor;Retired;1.6;0.3;1;Satisfied
83;57;26645;Master;Retired;3.4;7.3;4;Neutral
84;41;43944;PhD;Unemployed;2.7;5.7;5;Not Satisfied
85;54;110408;Bachelor;Unemployed;7.9;4.9;5;Neutral
86;45;57061;Master;Employed;3;2.6;4;Satisfied
87;55;84005;Master;Retired;7.9;3.3;4;Not Satisfied
88;37;37870;Bachelor;Self-Employed;4.2;2.5;4;Satisfied
89;56;104773;High School;Retired;1.4;2.2;1;Not Satisfied
90;26;110985;PhD;Self-Employed;0.6;8;1;Neutral
91;50;61294;Bachelor;Unemployed;3;5;3;Neutral
92;52;27713;PhD;Self-Employed;1;0.8;2;Satisfied
93;28;112699;High School;Self-Employed;5.1;7.8;1;Not Satisfied
94;41;114899;High School;Employed;3.3;5.3;4;Satisfied
95;33;100973;PhD;Retired;7.9;7.4;3;Neutral
96;65;61899;PhD;Unemployed;7.4;5.2;3;Not Satisfied
97;41;20174;Master;Retired;1.2;4;2;Not Satisfied
98;43;37417;PhD;Unemployed;3.2;9.9;5;Neutral
99;25;49507;High School;Unemployed;3.7;0.3;1;Not Satisfied
100;69;90454;Bachelor;Self-Employed;4.5;9.3;5;Not Satisfied
101;46;21983;Master;Unemployed;6.2;9.3;2;Neutral
102;28;29443;High School;Retired;3.9;3.9;5;Not Satisfied
103;64;29808;PhD;Unemployed;3.4;2.1;5;Neutral
104;50;88892;High School;Employed;2.1;6.2;3;Not Satisfied
105;42;54240;Bachelor;Unemployed;7.3;1.8;4;Neutral
106;41;58309;Master;Retired;0.2;8;1;Satisfied
107;19;74237;Master;Retired;6.6;2.5;3;Not Satisfied
108;67;53170;PhD;Self-Employed;1.5;2.9;1;Neutral
109;31;91015;Bachelor;Self-Employed;5.5;9.2;4;Neutral
110;21;104956;Bachelor;Employed;2.8;9;3;Neutral
111;18;107092;Bachelor;Self-Employed;7.8;5.4;2;Neutral
112;31;111950;Master;Retired;1;8.6;3;Satisfied
113;24;110175;High School;Self-Employed;1.5;3.5;5;Neutral
114;39;117915;PhD;Self-Employed;7.1;10;1;Satisfied
115;24;60669;PhD;Retired;4.7;4.3;4;Neutral
116;20;37042;Bachelor;Employed;2.5;2.9;1;Neutral
117;30;58392;High School;Retired;0;0.4;2;Neutral
118;45;25159;Bachelor;Retired;1.8;9.9;2;Neutral
119;39;96572;High School;Self-Employed;1.2;4.6;3;Not Satisfied
120;29;37974;Master;Retired;1.6;7.3;2;Not Satisfied
121;25;33671;High School;Retired;7.2;6.4;2;Neutral
122;31;67450;PhD;Retired;7;7.2;3;Not Satisfied
123;26;106972;Master;Employed;5.6;0.5;1;Neutral
124;29;112010;PhD;Employed;3.8;9.2;4;Not Satisfied
125;30;52839;PhD;Self-Employed;6.6;9.3;5;Neutral
126;61;62587;Bachelor;Retired;4;5.5;1;Satisfied
127;38;61863;Bachelor;Self-Employed;2.9;9.6;2;Neutral
128;48;88988;PhD;Unemployed;2.2;2.8;5;Satisfied
129;54;36851;Master;Retired;7.4;6;3;Not Satisfied
130;57;81624;Master;Employed;3.1;4;2;Neutral
131;25;44115;PhD;Self-Employed;3.9;6.3;1;Satisfied
132;63;96704;High School;Retired;2;3;1;Satisfied
133;22;98540;High School;Unemployed;7.1;8.2;2;Not Satisfied
134;66;113286;PhD;Self-Employed;3.1;0.7;1;Not Satisfied
135;36;98003;High School;Retired;2.4;0.4;3;Neutral
136;50;105142;High School;Unemployed;5.7;0.5;4;Satisfied
137;31;112421;Master;Self-Employed;1.5;1.5;1;Neutral
138;28;41979;Master;Employed;0.9;4;3;Not Satisfied
139;41;40575;Master;Retired;6.7;9.6;4;Satisfied
140;35;80777;Master;Unemployed;6;1.1;5;Neutral
141;25;23478;High School;Employed;4.7;6.5;4;Satisfied
142;42;27884;PhD;Retired;1.9;5.3;3;Not Satisfied
143;28;96916;PhD;Employed;5;3.5;4;Satisfied
144;46;86925;Master;Retired;5.1;2;3;Satisfied
145;38;39478;Master;Self-Employed;2.6;2.2;2;Neutral
146;50;107014;PhD;Self-Employed;0.5;0.4;2;Neutral
147;30;83890;PhD;Self-Employed;7;7.1;5;Satisfied
148;19;97842;High School;Unemployed;3.7;6.5;2;Neutral
149;48;20052;Bachelor;Unemployed;6.1;4.4;3;Neutral
150;59;97946;PhD;Employed;2;7.2;1;Neutral
151;42;61698;Master;Employed;4.7;1.1;5;Neutral
152;36;37875;Master;Retired;3.4;9.4;3;Not Satisfied
153;69;44953;PhD;Self-Employed;3.1;8.5;1;Satisfied
154;51;66813;Master;Employed;1;6.6;3;Neutral
155;20;79565;High School;Unemployed;2;3.8;1;Neutral
156;62;30987;Bachelor;Retired;0.6;4.2;3;Not Satisfied
157;46;49619;Master;Self-Employed;2.4;4.8;1;Satisfied
158;57;67887;PhD;Retired;5.9;9.4;2;Not Satisfied
159;52;117479;Bachelor;Self-Employed;4.9;8.6;1;Neutral
160;28;29904;Bachelor;Employed;5.4;4.8;2;Neutral
161;50;44988;Bachelor;Self-Employed;0.1;5.5;1;Not Satisfied
162;59;109811;Master;Unemployed;5.4;8.8;2;Neutral
163;36;41275;Master;Employed;4;9.5;4;Satisfied
164;40;46411;Bachelor;Employed;1.8;6.4;5;Not Satisfied
165;24;79539;High School;Employed;1.4;7.5;2;Satisfied
166;20;42095;Master;Employed;1.5;3.5;5;Neutral
167;25;94566;PhD;Unemployed;6.8;9.2;1;Neutral
168;57;57208;PhD;Unemployed;7.9;8.4;2;Neutral
169;66;21018;High School;Retired;7.3;5.5;3;Neutral
170;33;103467;Bachelor;Self-Employed;2.8;8.7;4;Neutral
171;23;74501;PhD;Self-Employed;6.2;8.5;5;Neutral
172;35;62433;Master;Employed;4.4;8.1;4;Neutral
173;60;116861;Master;Self-Employed;6.5;1.3;4;Not Satisfied
174;38;53039;Bachelor;Unemployed;3.9;5.4;3;Neutral
175;66;52738;PhD;Employed;4.7;9;5;Satisfied
176;40;62838;Bachelor;Self-Employed;6.3;7.7;3;Neutral
177;55;39903;Master;Retired;0.8;4.2;4;Satisfied
178;31;85450;High School;Retired;4.3;9.8;5;Not Satisfied
179;67;64694;PhD;Retired;2.9;2.5;3;Neutral
180;68;119437;High School;Unemployed;4.8;3.3;2;Neutral
181;51;48114;Bachelor;Self-Employed;7.7;9.5;5;Satisfied
182;38;81608;Bachelor;Employed;3.1;8.1;4;Satisfied
183;28;90316;Master;Unemployed;3.1;9;3;Neutral
184;50;22923;Master;Self-Employed;6.3;0.1;1;Not Satisfied
185;43;103174;High School;Employed;5.2;3.8;1;Satisfied
186;39;40352;PhD;Retired;3.2;2.4;3;Neutral
187;57;40720;High School;Unemployed;5.5;3;3;Not Satisfied
188;50;23425;Master;Self-Employed;3.2;7.4;5;Not Satisfied
189;37;103026;Bachelor;Employed;1.1;7.2;1;Neutral
190;43;109975;Master;Self-Employed;3.6;4.6;2;Neutral
191;67;29159;PhD;Employed;2.7;3.7;3;Not Satisfied
192;32;96276;PhD;Employed;1.7;5.8;4;Neutral
193;31;60974;High School;Self-Employed;7.4;5.3;5;Not Satisfied
194;38;114884;Master;Employed;5.5;5.5;2;Not Satisfied
195;61;78272;Bachelor;Unemployed;4.8;6.2;2;Satisfied
196;24;45473;Master;Retired;6;4;5;Not Satisfied
197;31;37752;High School;Retired;4.3;7.7;5;Satisfied
198;33;73026;Master;Unemployed;5.6;2.5;5;Satisfied
199;42;108926;Master;Unemployed;7.4;6.6;5;Satisfied
200;27;59445;High School;Retired;6.9;9.6;4;Neutral
201;20;38628;Master;Employed;1.3;0;1;Not Satisfied
202;25;80355;High School;Retired;2.1;7.2;5;Not Satisfied
203;23;105680;Master;Employed;0.6;1.1;3;Not Satisfied
204;54;109206;High School;Retired;7.8;5.4;3;Satisfied
205;55;72577;Bachelor;Self-Employed;1.9;6.3;5;Not Satisfied
206;39;77995;Master;Self-Employed;5.3;2.4;1;Satisfied
207;58;82900;Master;Retired;0.7;9.1;4;Satisfied
208;31;33132;High School;Employed;1.7;6.2;5;Not Satisfied
209;45;41060;PhD;Employed;4;2.3;2;Satisfied
210;67;79565;High School;Unemployed;0.8;7.7;5;Satisfied
211;67;27360;High School;Employed;3.1;1.1;1;Satisfied
212;65;98376;PhD;Self-Employed;4.3;5.6;1;Neutral
213;31;106791;High School;Employed;2.7;0.9;2;Neutral
214;58;119079;High School;Employed;4.4;5.8;5;Neutral
215;32;65302;Bachelor;Employed;4.3;2.5;2;Not Satisfied
216;63;74561;Bachelor;Self-Employed;3.1;6.5;2;Neutral
217;41;33882;High School;Retired;5.6;7.2;1;Neutral
218;34;61223;PhD;Self-Employed;5.4;5.2;4;Neutral
219;46;77506;Bachelor;Employed;5.5;6.6;1;Satisfied
220;60;22180;PhD;Retired;4.5;8.1;2;Satisfied
221;63;35749;PhD;Employed;2.9;8.1;3;Neutral
222;21;79325;Master;Retired;4.9;6.2;5;Not Satisfied
223;20;44694;Bachelor;Employed;7.5;4.5;1;Not Satisfied
224;32;100743;Master;Self-Employed;4.8;4.1;2;Neutral
225;64;96978;PhD;Retired;7.8;8.7;5;Satisfied
226;18;116844;High School;Unemployed;3.5;7;4;Neutral
227;47;63437;PhD;Unemployed;5.9;1.8;4;Not Satisfied
228;29;82816;Bachelor;Employed;0.3;5.7;1;Satisfied
229;53;114101;High School;Unemployed;6.1;9.1;1;Neutral
230;47;20114;High School;Retired;4.1;1.5;1;Neutral
231;51;48029;Bachelor;Retired;0;8.5;3;Satisfied
232;20;52071;High School;Employed;2.2;8.2;3;Not Satisfied
233;38;61692;PhD;Employed;4.3;5;2;Neutral
234;37;112911;Bachelor;Self-Employed;6.1;0.4;4;Not Satisfied
235;66;61625;Bachelor;Retired;0.4;1.5;3;Not Satisfied
236;50;105481;High School;Employed;4.4;9.2;4;Satisfied
237;46;106263;Master;Retired;6.4;0.4;4;Satisfied
238;36;85377;High School;Retired;5.2;3.7;3;Neutral
239;49;57889;Bachelor;Self-Employed;7.5;6.2;5;Not Satisfied
240;46;61229;Master;Employed;0.6;2;3;Not Satisfied
241;48;40596;Bachelor;Employed;2.2;9.8;3;Not Satisfied
242;28;112373;PhD;Employed;7.4;1.6;5;Neutral
243;26;94139;Master;Unemployed;6.1;5.4;5;Not Satisfied
244;63;44230;PhD;Employed;4.8;6.2;2;Neutral
245;53;80577;High School;Employed;6.7;2.3;5;Satisfied
246;50;27937;PhD;Employed;7.2;4.7;5;Not Satisfied
247;26;111134;PhD;Retired;7.8;4.9;3;Not Satisfied
248;38;103359;PhD;Retired;8;7.7;5;Satisfied
249;31;118549;High School;Self-Employed;1.1;6.3;1;Not Satisfied
250;68;114321;Bachelor;Self-Employed;0.6;4.7;3;Not Satisfied
251;33;76946;High School;Unemployed;0.6;6.7;4;Satisfied
252;59;26172;High School;Self-Employed;0.1;4.5;4;Not Satisfied
253;18;34027;Master;Employed;7.8;5.3;2;Satisfied
254;62;109714;PhD;Self-Employed;0.8;6.6;1;Not Satisfied
255;37;82495;High School;Unemployed;6.7;1.8;2;Not Satisfied
256;42;68307;PhD;Retired;5.5;7.9;5;Neutral
257;67;24162;PhD;Self-Employed;3.9;6;2;Not Satisfied
258;60;101731;PhD;Retired;2.8;9.8;2;Satisfied
259;38;32106;High School;Retired;2.8;2.2;3;Satisfied
260;62;70080;High School;Employed;2;4.7;3;Satisfied
261;33;85505;High School;Retired;7.3;9;1;Satisfied
262;48;100645;Master;Employed;5.8;6;3;Neutral
263;45;51653;Master;Retired;0.2;7.3;5;Neutral
264;32;62350;PhD;Retired;3.7;4.1;3;Neutral
265;69;87948;High School;Retired;2.3;6.8;3;Satisfied
266;37;48440;PhD;Retired;0.2;9.5;3;Not Satisfied
267;44;59056;High School;Unemployed;7.1;2;3;Neutral
268;61;118685;Master;Retired;6.2;8.1;3;Satisfied
269;40;100736;Master;Self-Employed;2.6;9.7;5;Neutral
270;25;79616;Master;Retired;6.4;0.1;5;Satisfied
271;53;49993;High School;Unemployed;2.6;2.2;3;Neutral
272;65;46776;Bachelor;Employed;2.5;1.2;4;Not Satisfied
273;64;73525;Master;Retired;7.4;7.7;2;Not Satisfied
274;69;63001;PhD;Employed;7.8;0.8;3;Not Satisfied
275;52;46915;High School;Retired;4.2;10;2;Neutral
276;54;76638;Master;Unemployed;7.6;3.9;2;Not Satisfied
277;54;97693;Master;Unemployed;7.1;9.1;1;Satisfied
278;50;37952;PhD;Employed;4.1;1.9;1;Neutral
279;37;109133;Bachelor;Employed;3;4.4;5;Satisfied
280;21;52600;Master;Retired;5.7;8.4;1;Satisfied
281;42;39370;PhD;Self-Employed;3.6;6;4;Not Satisfied
282;37;114265;Bachelor;Employed;4.8;4.6;5;Not Satisfied
283;55;95417;High School;Unemployed;7.9;5.1;4;Not Satisfied
284;48;72000;Master;Unemployed;6.2;5.7;4;Satisfied
285;56;24456;Bachelor;Employed;2.7;4.4;3;Satisfied
286;65;99905;Master;Self-Employed;0.7;1.9;1;Not Satisfied
287;57;117782;High School;Employed;1.5;1.1;3;Neutral
288;23;24742;Master;Employed;4.2;1.5;2;Neutral
289;33;81633;High School;Self-Employed;3.3;0.5;5;Neutral
290;67;101203;Master;Self-Employed;6.4;5.6;5;Satisfied
291;41;70719;Bachelor;Employed;7.5;8.5;1;Satisfied
292;50;33563;High School;Self-Employed;1.4;3.6;3;Not Satisfied
293;60;32429;Bachelor;Employed;6.9;0.8;3;Not Satisfied
294;28;76447;High School;Retired;7.7;4.3;2;Satisfied
295;20;38063;PhD;Employed;7.7;6;4;Neutral
296;42;63805;High School;Employed;0.3;4.3;1;Not Satisfied
297;52;74850;Master;Employed;0.5;8.1;3;Satisfied
298;48;38159;Master;Self-Employed;0;9.4;2;Neutral
299;35;85597;Master;Self-Employed;2.5;8.7;2;Satisfied
300;22;72947;High School;Employed;0.4;7;1;Not Satisfied
301;18;25074;Master;Unemployed;2.4;4.7;2;Neutral
302;32;115138;Master;Retired;2.8;6.8;5;Satisfied
303;35;69950;Bachelor;Unemployed;7.6;0.1;2;Not Satisfied
304;57;108249;Bachelor;Retired;3.8;9.8;1;Neutral
305;53;30336;Bachelor;Unemployed;2.2;1.7;3;Neutral
306;35;92625;High School;Retired;4;9.1;2;Neutral
307;46;23580;Master;Self-Employed;5.1;8.1;3;Not Satisfied
308;40;49486;High School;Retired;0.9;8;1;Neutral
309;56;59721;Bachelor;Self-Employed;6.1;2.7;4;Satisfied
310;59;34612;Master;Unemployed;6.8;2.2;2;Not Satisfied
311;28;20504;Master;Unemployed;6.8;4.3;2;Neutral
312;31;27208;PhD;Employed;7.1;8.5;1;Not Satisfied
313;24;62872;Bachelor;Self-Employed;3.1;4.5;4;Not Satisfied
314;43;44062;Bachelor;Unemployed;3.6;9.4;3;Neutral
315;56;100888;Master;Retired;0.8;3.5;2;Neutral
316;66;83620;Master;Retired;1.8;6.2;5;Neutral
317;66;84636;PhD;Unemployed;7.8;9.8;5;Neutral
318;68;30624;Master;Unemployed;2.3;6.4;3;Satisfied
319;62;115450;PhD;Retired;7.3;0.5;2;Neutral
320;59;54299;High School;Unemployed;7.1;4.6;1;Not Satisfied
321;18;96874;Bachelor;Unemployed;7.4;3.3;1;Not Satisfied
322;40;72373;Bachelor;Retired;1.2;5.3;4;Neutral
323;34;47041;PhD;Self-Employed;7;2.8;2;Satisfied
324;37;40343;Master;Self-Employed;5.1;1.2;3;Neutral
325;27;66246;PhD;Unemployed;1.7;6.7;5;Neutral
326;66;73029;PhD;Retired;2.8;6.8;5;Satisfied
327;46;31819;High School;Retired;1.3;8.7;1;Not Satisfied
328;69;88711;Bachelor;Unemployed;3.6;1.3;4;Neutral
329;65;21449;Bachelor;Self-Employed;0.7;8;3;Not Satisfied
330;28;101989;Bachelor;Retired;1.3;8.3;2;Satisfied
331;22;80102;Master;Employed;1.6;6.5;2;Neutral
332;41;99895;High School;Retired;5.5;2;1;Not Satisfied
333;32;99574;PhD;Retired;4.6;2.6;3;Neutral
334;39;43591;Master;Retired;7;4.2;1;Neutral
335;64;60991;Bachelor;Employed;2;5.4;4;Satisfied
336;21;72517;High School;Unemployed;5;4.8;1;Neutral
337;42;75480;High School;Employed;0.3;4.7;1;Neutral
338;34;35191;High School;Self-Employed;4.1;8.4;3;Not Satisfied
339;64;79292;High School;Unemployed;6.9;8.7;5;Not Satisfied
340;33;50116;Master;Unemployed;7.9;8.2;2;Neutral
341;25;34914;High School;Employed;0.1;8.8;1;Not Satisfied
342;32;48426;Master;Retired;2;5.7;3;Not Satisfied
343;31;119796;Master;Retired;1.8;9.6;4;Neutral
344;33;100768;High School;Employed;0.4;6.1;2;Satisfied
345;43;26942;Bachelor;Employed;0.1;6;3;Neutral
346;38;52643;PhD;Self-Employed;3.9;3.2;3;Neutral
347;39;72732;PhD;Employed;0.4;6.8;3;Not Satisfied
348;68;93678;Bachelor;Employed;2.2;0.5;4;Neutral
349;64;47500;PhD;Self-Employed;5.1;1.3;3;Satisfied
350;47;69851;Master;Self-Employed;2.4;1.3;3;Neutral
351;62;72789;Bachelor;Employed;2.2;6.6;4;Neutral
352;55;91542;PhD;Self-Employed;4.7;1.8;4;Not Satisfied
353;40;42469;Master;Self-Employed;3;3.4;5;Satisfied
354;45;63825;Master;Retired;5.6;0.4;5;Not Satisfied
355;30;61418;Bachelor;Retired;4;2.3;2;Neutral
356;30;33163;Master;Retired;5.1;9.6;1;Satisfied
357;44;65742;PhD;Employed;2.8;5.1;5;Not Satisfied
358;30;71355;Master;Self-Employed;2.3;1.5;1;Neutral
359;25;94401;Master;Self-Employed;1.1;5.2;2;Satisfied
360;41;52584;High School;Unemployed;7.5;9.4;4;Neutral
361;57;55367;High School;Retired;6.4;8.7;4;Not Satisfied
362;61;98752;PhD;Self-Employed;7.5;3.9;5;Neutral
363;30;82447;Bachelor;Self-Employed;1.5;2.8;1;Neutral
364;68;62849;High School;Self-Employed;7.5;7.6;3;Neutral
365;56;59815;PhD;Retired;7.5;2.4;3;Satisfied
366;45;108609;PhD;Unemployed;2.3;2.5;4;Not Satisfied
367;66;100830;Bachelor;Unemployed;2.2;0.8;3;Neutral
368;23;101997;Bachelor;Retired;4.4;8.6;3;Neutral
369;52;75211;Master;Unemployed;1.5;4.5;1;Not Satisfied
370;51;92765;Master;Unemployed;3.5;5.6;4;Satisfied
371;61;108917;PhD;Employed;1.5;7.4;4;Neutral
372;44;24644;Bachelor;Unemployed;7.6;8;3;Satisfied
373;23;102700;Master;Unemployed;4;4.5;1;Neutral
374;27;82970;High School;Employed;7.7;1.8;4;Neutral
375;43;22485;High School;Employed;5.2;8.3;5;Not Satisfied
376;45;79254;PhD;Self-Employed;3.9;0.3;3;Satisfied
377;61;37690;Bachelor;Unemployed;7.7;9.5;1;Neutral
378;19;59762;Master;Retired;1.1;5.8;4;Neutral
379;36;112133;Master;Unemployed;5.1;8.8;4;Satisfied
380;48;47386;Bachelor;Employed;5.3;6.1;1;Not Satisfied
381;50;73119;Master;Employed;3.5;2.5;5;Neutral
382;44;102403;Master;Unemployed;0.5;3;3;Neutral
383;38;89132;Bachelor;Self-Employed;3.9;5.3;4;Neutral
384;48;21769;Master;Self-Employed;3.7;9.6;3;Neutral
385;57;52025;PhD;Self-Employed;6.5;1.8;5;Neutral
386;18;115851;High School;Employed;2.1;5.1;5;Satisfied
387;40;54359;High School;Self-Employed;3.1;3.4;2;Neutral
388;52;48096;PhD;Self-Employed;1.9;7.7;3;Not Satisfied
389;21;66735;PhD;Employed;5.5;8;3;Neutral
390;24;56316;PhD;Employed;7.9;4.2;4;Neutral
391;30;31560;PhD;Employed;1.4;2;1;Satisfied
392;57;103260;Master;Employed;6.6;0.7;4;Satisfied
393;56;102098;Bachelor;Unemployed;1.8;2;2;Neutral
394;37;23744;High School;Employed;0.5;2.7;3;Not Satisfied
395;65;59130;Master;Unemployed;1.1;6;1;Neutral
396;66;57140;Master;Self-Employed;7.5;8.7;2;Satisfied
397;24;58196;Bachelor;Employed;7.1;1.3;3;Not Satisfied
398;31;110662;Bachelor;Self-Employed;2.3;9.6;3;Satisfied
399;54;36833;High School;Retired;7.6;6.8;1;Satisfied
400;41;44272;PhD;Self-Employed;6.8;7.4;1;Not Satisfied
401;40;77273;Master;Employed;3.5;9.8;1;Not Satisfied
402;20;25940;Bachelor;Retired;3.7;4.2;3;Not Satisfied
403;46;39545;PhD;Retired;5;5.3;4;Not Satisfied
404;60;31027;Bachelor;Self-Employed;1.3;6.8;4;Satisfied
405;49;91646;PhD;Unemployed;0.1;5.1;5;Not Satisfied
406;27;109664;Bachelor;Retired;2.1;3;3;Neutral
407;59;82463;High School;Unemployed;0.1;1.1;1;Satisfied
408;42;55882;PhD;Retired;5.4;2.8;3;Not Satisfied
409;63;58703;PhD;Retired;4.4;7.7;4;Not Satisfied
410;47;61057;Bachelor;Retired;2.6;6.4;4;Neutral
411;30;57926;PhD;Self-Employed;6.2;8;2;Not Satisfied
412;36;46618;Master;Self-Employed;1.2;5.2;4;Satisfied
413;60;113068;PhD;Self-Employed;2;2.3;5;Neutral
414;29;81296;Bachelor;Retired;2.3;6.3;2;Satisfied
415;59;20018;PhD;Unemployed;1.6;3;1;Not Satisfied
416;54;87533;Bachelor;Unemployed;0.7;0.3;5;Neutral
417;66;84461;PhD;Self-Employed;7;9;5;Not Satisfied
418;34;20472;Bachelor;Self-Employed;0.7;4.2;3;Neutral
419;48;63500;PhD;Self-Employed;5.5;4.3;4;Neutral
420;69;60410;PhD;Employed;1;7.4;2;Satisfied
421;60;86855;High School;Self-Employed;0.1;9.5;4;Satisfied
422;38;75567;Master;Unemployed;4.5;0.7;2;Satisfied
423;53;109381;PhD;Unemployed;7.3;1.7;1;Satisfied
424;59;111622;High School;Unemployed;6.9;3.2;1;Not Satisfied
425;35;118468;Bachelor;Unemployed;2.7;2.5;3;Neutral
426;20;24450;Master;Employed;0.2;5;5;Neutral
427;39;36511;Bachelor;Employed;6.4;8.2;3;Satisfied
428;47;32275;PhD;Employed;6.4;8.5;3;Neutral
429;54;89870;High School;Self-Employed;6.9;6;4;Satisfied
430;63;83520;Master;Retired;5.4;2.4;3;Not Satisfied
431;64;26814;Bachelor;Self-Employed;6.5;1.9;4;Neutral
432;34;118277;Master;Retired;7.2;7.4;3;Neutral
433;45;103975;Bachelor;Retired;3.6;2.4;2;Satisfied
434;26;55952;Master;Employed;4.5;5.4;4;Not Satisfied
435;46;23122;High School;Unemployed;4;7.5;4;Satisfied
436;20;66770;PhD;Self-Employed;5.5;2.3;1;Not Satisfied
437;53;44570;PhD;Employed;5.5;1.7;5;Satisfied
438;31;78528;Bachelor;Self-Employed;4.2;0.4;5;Satisfied
439;59;55627;PhD;Unemployed;6.6;1.5;1;Satisfied
440;54;51657;Bachelor;Employed;4;8.5;5;Neutral
441;54;74273;High School;Self-Employed;6.6;1;3;Satisfied
442;58;31858;Master;Employed;2.3;2.2;2;Neutral
443;36;47313;Master;Retired;1.4;0.3;4;Satisfied
444;51;115569;Bachelor;Retired;7.8;6.8;1;Not Satisfied
445;56;112114;Master;Employed;5.9;2.3;4;Satisfied
446;69;63743;PhD;Retired;2.1;4.1;4;Satisfied
447;64;24861;Master;Retired;4.6;1.4;2;Satisfied
448;58;32693;PhD;Employed;7.6;3.8;4;Satisfied
449;43;81970;Master;Unemployed;0.6;4.2;3;Neutral
450;57;106702;PhD;Self-Employed;0.7;4.7;4;Neutral
451;66;46796;PhD;Retired;5;4.2;3;Satisfied
452;55;102651;Bachelor;Self-Employed;1.8;1;3;Not Satisfied
453;20;96937;PhD;Employed;6.1;7.7;3;Satisfied
454;52;59300;Master;Employed;4.5;1.4;1;Not Satisfied
455;46;58989;High School;Employed;5.3;4.2;2;Neutral
456;32;69663;PhD;Self-Employed;0.9;2.7;3;Neutral
457;29;85343;Master;Employed;0.7;3;3;Neutral
458;60;95927;Master;Unemployed;5;6.7;2;Satisfied
459;44;63103;High School;Self-Employed;3.3;5.2;1;Satisfied
460;58;76507;PhD;Employed;0.7;1.9;4;Neutral
461;39;34973;High School;Employed;3;4.7;1;Neutral
462;34;115296;Master;Employed;5.4;3.4;4;Not Satisfied
463;46;52722;PhD;Self-Employed;1.5;7;3;Satisfied
464;55;23487;PhD;Unemployed;7.2;2.3;1;Satisfied
465;59;29857;High School;Unemployed;7.6;8.4;5;Satisfied
466;63;36468;Bachelor;Unemployed;7.7;5.3;1;Neutral
467;58;25353;PhD;Employed;5.8;5;4;Satisfied
468;60;74340;Master;Employed;3.3;2.5;5;Neutral
469;29;51798;Master;Employed;5.9;1.9;4;Satisfied
470;40;91123;Master;Employed;2.3;4.7;3;Neutral
471;24;28603;PhD;Unemployed;2.5;9.8;3;Not Satisfied
472;50;103706;PhD;Retired;4.8;1.3;5;Neutral
473;32;73816;PhD;Self-Employed;4.8;2.8;1;Neutral
474;54;34940;High School;Retired;7;8;1;Not Satisfied
475;41;30167;Master;Unemployed;2;6.6;2;Satisfied
476;29;71053;High School;Unemployed;6.1;2.8;5;Satisfied
477;53;75217;High School;Self-Employed;7.5;3.1;3;Neutral
478;50;82600;PhD;Self-Employed;0;4.2;2;Neutral
479;64;44394;High School;Self-Employed;3.8;6;2;Not Satisfied
480;45;66424;Master;Retired;5.3;7.2;2;Satisfied
481;67;110578;Master;Self-Employed;6.7;8.6;3;Neutral
482;56;78373;Master;Unemployed;1.5;6.8;2;Not Satisfied
483;18;110991;Bachelor;Employed;6.8;2.4;1;Satisfied
484;40;85194;Master;Self-Employed;2.9;9.3;1;Satisfied
485;51;31054;High School;Unemployed;7.1;7.8;4;Not Satisfied
486;24;33845;Master;Self-Employed;0.2;3.1;4;Neutral
487;54;58835;Bachelor;Unemployed;0.7;3;3;Not Satisfied
488;36;76905;PhD;Unemployed;7.9;8.8;3;Not Satisfied
489;45;63917;PhD;Employed;4.9;1.3;2;Not Satisfied
490;46;37042;High School;Unemployed;3.3;6.3;2;Satisfied
491;55;45751;PhD;Retired;1.4;2.8;1;Neutral
492;56;105549;High School;Unemployed;5.2;8.3;5;Not Satisfied
493;68;51284;High School;Self-Employed;0.3;3.6;5;Satisfied
494;48;76225;PhD;Self-Employed;2.5;7.3;1;Not Satisfied
495;68;97753;PhD;Retired;2.6;1.9;3;Neutral
496;64;118632;Master;Employed;4.9;4.8;3;Satisfied
497;25;118241;Master;Retired;5.2;8;1;Satisfied
498;39;62262;PhD;Employed;6.8;4;2;Neutral
499;34;63010;Bachelor;Employed;7.4;1.6;4;Neutral
500;57;59169;High School;Unemployed;5.3;6.5;2;Neutral
;;;;;;;;
;;;;;;;;
;;;;;;;;
;;;;;;;;
;;;;;;;;
;;;;;;;;
;;;;;;;;
;;;;;;;;
;;;;;;;;
;;;;;;;;
;;;;;;;;
;;;;;;;;
;;;;;;;;
;;;;;;;;
;;;;;;;;
;;;;;;;;
;;;;;;;;
;;;;;;;;
;;;;;;;;
;;;;;;;;
;;;;;;;;
;;;;;;;;
;;;;;;;;
;;;;;;;;
;;;;;;;;
;;;;;;;;
;;;;;;;;
;;;;;;;;
;;;;;;;;
;;;;;;;;
;;;;;;;;
;;;;;;;;
;;;;;;;;
;;;;;;;;
;;;;;;;;
;;;;;;;;
;;;;;;;;
;;;;;;;;
;;;;;;;;
;;;;;;;;
;;;;;;;;
;;;;;;;;
;;;;;;;;
;;;;;;;;
;;;;;;;;
;;;;;;;;
;;;;;;;;
;;;;;;;;
;;;;;;;;
;;;;;;;;
;;;;;;;;
;;;;;;;;
;;;;;;;;
;;;;;;;;
;;;;;;;;
;;;;;;;;
;;;;;;;;
;;;;;;;;
;;;;;;;;
;;;;;;;;
;;;;;;;;
;;;;;;;;
;;;;;;;;
;;;;;;;;
;;;;;;;;
;;;;;;;;
;;;;;;;;
;;;;;;;;
;;;;;;;;
;;;;;;;;
;;;;;;;;
;;;;;;;;
;;;;;;;;
;;;;;;;;
;;;;;;;;
;;;;;;;;
;;;;;;;;
;;;;;;;;
;;;;;;;;
;;;;;;;;
;;;;;;;;
;;;;;;;;
;;;;;;;;
;;;;;;;;
;;;;;;;;
;;;;;;;;
;;;;;;;;
;;;;;;;;
;;;;;;;;
;;;;;;;;
;;;;;;;;
;;;;;;;;
;;;;;;;;
;;;;;;;;
;;;;;;;;
;;;;;;;;
;;;;;;;;
;;;;;;;;
;;;;;;;;
;;;;;;;;
;;;;;;;;
;;;;;;;;
;;;;;;;;
;;;;;;;;
;;;;;;;;
;;;;;;;;
;;;;;;;;
;;;;;;;;
;;;;;;;;
;;;;;;;;
;;;;;;;;
;;;;;;;;
;;;;;;;;
;;;;;;;;
;;;;;;;;
;;;;;;;;
;;;;;;;;
;;;;;;;;
;;;;;;;;
;;;;;;;;
;;;;;;;;
;;;;;;;;
;;;;;;;;
;;;;;;;;
;;;;;;;;
;;;;;;;;
;;;;;;;;
;;;;;;;;
;;;;;;;;
;;;;;;;;
;;;;;;;;
;;;;;;;;
;;;;;;;;
;;;;;;;;
;;;;;;;;
;;;;;;;;
;;;;;;;;
;;;;;;;;
;;;;;;;;
;;;;;;;;
;;;;;;;;
;;;;;;;;
;;;;;;;;
;;;;;;;;
;;;;;;;;
;;;;;;;;
;;;;;;;;
;;;;;;;;
;;;;;;;;
;;;;;;;;
;;;;;;;;
;;;;;;;;
;;;;;;;;
;;;;;;;;
;;;;;;;;
;;;;;;;;
;;;;;;;;
;;;;;;;;
;;;;;;;;
;;;;;;;;
;;;;;;;;
;;;;;;;;
;;;;;;;;
;;;;;;;;
;;;;;;;;
;;;;;;;;
;;;;;;;;
;;;;;;;;
;;;;;;;;
;;;;;;;;
;;;;;;;;
;;;;;;;;
;;;;;;;;
;;;;;;;;
;;;;;;;;
;;;;;;;;
;;;;;;;;
;;;;;;;;
;;;;;;;;
;;;;;;;;
;;;;;;;;
;;;;;;;;
;;;;;;;;
;;;;;;;;
;;;;;;;;
;;;;;;;;
;;;;;;;;
;;;;;;;;
;;;;;;;;
;;;;;;;;
;;;;;;;;
;;;;;;;;
;;;;;;;;
;;;;;;;;
;;;;;;;;
;;;;;;;;
;;;;;;;;
;;;;;;;;
;;;;;;;;
;;;;;;;;
;;;;;;;;
;;;;;;;;
;;;;;;;;
;;;;;;;;
;;;;;;;;
;;;;;;;;
;;;;;;;;
;;;;;;;;
;;;;;;;;
;;;;;;;;
;;;;;;;;
;;;;;;;;
;;;;;;;;
;;;;;;;;
;;;;;;;;
;;;;;;;;
;;;;;;;;
;;;;;;;;
;;;;;;;;
;;;;;;;;
;;;;;;;;
;;;;;;;;
;;;;;;;;
;;;;;;;;
;;;;;;;;
;;;;;;;;
;;;;;;;;
;;;;;;;;
;;;;;;;;
;;;;;;;;
;;;;;;;;
;;;;;;;;
;;;;;;;;
;;;;;;;;
;;;;;;;;
;;;;;;;;
;;;;;;;;
;;;;;;;;
;;;;;;;;
;;;;;;;;
;;;;;;;;
;;;;;;;;
;;;;;;;;
;;;;;;;;
;;;;;;;;
;;;;;;;;
;;;;;;;;
;;;;;;;;
;;;;;;;;
;;;;;;;;
;;;;;;;;
;;;;;;;;
;;;;;;;;
;;;;;;;;
;;;;;;;;
;;;;;;;;
;;;;;;;;
;;;;;;;;
;;;;;;;;
;;;;;;;;
;;;;;;;;
;;;;;;;;
;;;;;;;;
;;;;;;;;
;;;;;;;;
;;;;;;;;
;;;;;;;;
;;;;;;;;
;;;;;;;;
;;;;;;;;
;;;;;;;;
;;;;;;;;
;;;;;;;;
;;;;;;;;
;;;;;;;;
;;;;;;;;
;;;;;;;;
;;;;;;;;
;;;;;;;;
;;;;;;;;
;;;;;;;;
;;;;;;;;
;;;;;;;;
;;;;;;;;
;;;;;;;;
;;;;;;;;
;;;;;;;;
;;;;;;;;
;;;;;;;;
;;;;;;;;
;;;;;;;;
;;;;;;;;
;;;;;;;;
;;;;;;;;
;;;;;;;;
;;;;;;;;
;;;;;;;;
;;;;;;;;
;;;;;;;;
;;;;;;;;
;;;;;;;;
;;;;;;;;
;;;;;;;;
;;;;;;;;
;;;;;;;;
;;;;;;;;
;;;;;;;;
;;;;;;;;
;;;;;;;;
;;;;;;;;
;;;;;;;;
;;;;;;;;
;;;;;;;;
;;;;;;;;
;;;;;;;;
;;;;;;;;
;;;;;;;;
;;;;;;;;
;;;;;;;;
;;;;;;;;
;;;;;;;;
;;;;;;;;
;;;;;;;;
;;;;;;;;
;;;;;;;;
;;;;;;;;
;;;;;;;;
;;;;;;;;
;;;;;;;;
;;;;;;;;
;;;;;;;;
;;;;;;;;
;;;;;;;;
;;;;;;;;
;;;;;;;;
;;;;;;;;
;;;;;;;;
;;;;;;;;
;;;;;;;;
;;;;;;;;
;;;;;;;;
;;;;;;;;
;;;;;;;;
;;;;;;;;
;;;;;;;;
;;;;;;;;
;;;;;;;;
;;;;;;;;
;;;;;;;;
;;;;;;;;
;;;;;;;;
;;;;;;;;
;;;;;;;;
;;;;;;;;
;;;;;;;;
;;;;;;;;
;;;;;;;;
;;;;;;;;
;;;;;;;;
;;;;;;;;
;;;;;;;;
;;;;;;;;
;;;;;;;;
;;;;;;;;
;;;;;;;;
;;;;;;;;
;;;;;;;;
;;;;;;;;
;;;;;;;;
;;;;;;;;
;;;;;;;;
;;;;;;;;
;;;;;;;;
;;;;;;;;
;;;;;;;;
;;;;;;;;
;;;;;;;;
;;;;;;;;
;;;;;;;;
;;;;;;;;
;;;;;;;;
;;;;;;;;
;;;;;;;;
;;;;;;;;
;;;;;;;;
;;;;;;;;
;;;;;;;;
;;;;;;;;
;;;;;;;;
;;;;;;;;
;;;;;;;;
;;;;;;;;
;;;;;;;;
;;;;;;;;
;;;;;;;;
;;;;;;;;
;;;;;;;;
;;;;;;;;
;;;;;;;;
;;;;;;;;
;;;;;;;;
;;;;;;;;
;;;;;;;;
;;;;;;;;
;;;;;;;;
;;;;;;;;
;;;;;;;;
;;;;;;;;
;;;;;;;;
;;;;;;;;
;;;;;;;;
;;;;;;;;
;;;;;;;;
;;;;;;;;
;;;;;;;;
;;;;;;;;
;;;;;;;;
;;;;;;;;
;;;;;;;;
;;;;;;;;
;;;;;;;;
;;;;;;;;
;;;;;;;;
;;;;;;;;
;;;;;;;;
;;;;;;;;
;;;;;;;;
;;;;;;;;
;;;;;;;;
;;;;;;;;
;;;;;;;;
;;;;;;;;
;;;;;;;;
;;;;;;;;
;;;;;;;;
;;;;;;;;
;;;;;;;;
;;;;;;;;
;;;;;;;;
;;;;;;;;
;;;;;;;;
;;;;;;;;
;;;;;;;;
;;;;;;;;
;;;;;;;;
;;;;;;;;
;;;;;;;;
;;;;;;;;
;;;;;;;;
;;;;;;;;
;;;;;;;;
;;;;;;;;
;;;;;;;;
;;;;;;;;
;;;;;;;;
;;;;;;;;
;;;;;;;;
;;;;;;;;
;;;;;;;;
;;;;;;;;
;;;;;;;;
;;;;;;;;
;;;;;;;;
;;;;;;;;
;;;;;;;;
;;;;;;;;
;;;;;;;;
;;;;;;;;
;;;;;;;;
;;;;;;;;
;;;;;;;;
;;;;;;;;
;;;;;;;;
;;;;;;;;
;;;;;;;;
;;;;;;;;
;;;;;;;;
;;;;;;;;
;;;;;;;;
;;;;;;;;
;;;;;;;;
;;;;;;;;
;;;;;;;;
;;;;;;;;
;;;;;;;;
;;;;;;;;
;;;;;;;;
;;;;;;;;
;;;;;;;;
;;;;;;;;
;;;;;;;;
;;;;;;;;
;;;;;;;;
;;;;;;;;
;;;;;;;;
;;;;;;;;
;;;;;;;;
;;;;;;;;
;;;;;;;;
